"","celltype","nUMI"
"1","alpha",23231.8495834208
"2","endothelial",31739.5348929457
"3","delta",16752.2710838847
"4","beta",33749.069893752
"5","duct",23343.6342671269
"6","alpha",27138.7426647721
"7","alpha",15813.0731133444
"8","endothelial",11527.8955119605
"9","alpha",39099.0495536641
"10","alpha",28733.7667638874
"11","acinar",41198.935668723
"12","acinar",105758.40336111
"13","alpha",7012.38655805897
"14","alpha",19576.0125632087
"15","alpha",29407.5177955807
"16","beta",18485.7473621653
"17","beta",40206.9908054099
"18","acinar",53047.9943286082
"19","alpha",17281.5277717982
"20","duct",62418.8814410044
"21","acinar",47372.0176016917
"22","delta",20306.7097621643
"23","acinar",45510.2250630093
"24","alpha",17568.8436398039
"25","beta",40556.1411905341
"26","duct",39729.933099867
"27","acinar",42993.4705251677
"28","acinar",62747.5565605636
"29","acinar",71257.1191236516
"30","alpha",31188.3773557684
"31","alpha",26194.0858080294
"32","pp",9152.88334450381
"33","duct",36200.1442461874
"34","duct",26697.7229165808
"35","pp",30789.4591050765
"36","acinar",40546.4500595771
"37","acinar",60104.2344871464
"38","alpha",17919.6417256131
"39","delta",22312.8467373856
"40","duct",33900.3527582746
"41","duct",41416.5352569041
"42","acinar",50333.4626494884
"43","alpha",43764.7941692497
"44","acinar",44187.7143058525
"45","alpha",18600.2470796126
"46","duct",11597.2762175494
"47","acinar",37846.4917864068
"48","duct",32599.8398048287
"49","duct",28759.6088786817
"50","acinar",33558.6465770003
"51","duct",22558.7281081774
"52","alpha",21913.6254487088
"53","duct",36678.5483116324
"54","alpha",41306.3747279738
"55","beta",26671.3071103195
"56","acinar",53290.4194550767
"57","duct",20856.862711199
"58","mesenchymal",52627.7148675661
"59","acinar",51254.3103178249
"60","alpha",25618.4757951642
"61","acinar",64764.2274426692
"62","alpha",23102.8836382267
"63","alpha",32389.5169233223
"64","acinar",53170.3748380021
"65","acinar",54192.5553352399
"66","pp",17581.6348165484
"67","duct",25758.1100431235
"68","alpha",34577.1013402064
"69","duct",13987.4665341915
"70","alpha",14781.2401762949
"71","beta",35371.3133915035
"72","acinar",68497.5974590163
"73","acinar",63628.4688859043
"74","endothelial",29994.505548572
"75","beta",34361.8553988759
"76","duct",74498.2545540265
"77","alpha",24230.9639349167
"78","acinar",66976.4837607147
"79","acinar",32892.3635901477
"80","acinar",43145.8740393927
"81","alpha",11363.088673059
"82","pp",24655.9709351012
"83","alpha",19681.6762161903
"84","acinar",40874.8367140065
"85","alpha",26475.0550853621
"86","beta",21172.4790522937
"87","alpha",25165.8008122741
"88","alpha",14623.6261380599
"89","alpha",10552.6889306626
"90","pp",10935.9148900835
"91","alpha",16464.9179434803
"92","delta",23412.1362536256
"93","duct",11468.5123993973
"94","pp",11565.0486534731
"95","acinar",38792.1459553669
"96","acinar",37934.8136908496
"97","beta",17057.5071071494
"98","acinar",29409.3539870586
"99","duct",20428.4553533488
"100","beta",25439.6211938798
"101","acinar",22371.9157583456
"102","beta",16508.5201611434
"103","alpha",24668.420387853
"104","acinar",43579.7900806347
"105","beta",226837.87737339
"106","alpha",30058.364157947
"107","endothelial",19191.9808393174
"108","acinar",31212.6448246787
"109","duct",13196.3462179707
"110","acinar",61839.2719156391
"111","acinar",40295.4959645887
"112","acinar",71708.987338857
"113","duct",24534.0402537031
"114","duct",20426.0734702341
"115","alpha",20694.6946829092
"116","delta",26021.6194658285
"117","acinar",30475.5322462539
"118","duct",31034.2078134385
"119","alpha",29183.0837590935
"120","acinar",32699.8840235764
"121","alpha",23624.1601559074
"122","alpha",33213.3219244839
"123","duct",56950.2864488804
"124","acinar",29318.9711951749
"125","alpha",31096.1458686383
"126","acinar",43193.0871044259
"127","delta",12995.2425422861
"128","alpha",18654.0098069298
"129","acinar",18229.3772144395
"130","duct",30174.7090251856
"131","duct",21021.6498640774
"132","alpha",116928.93093924
"133","acinar",21329.6428816735
"134","acinar",42441.9795954824
"135","alpha",24947.0537999073
"136","duct",12169.3465205446
"137","delta",25503.1865098567
"138","acinar",121247.360162811
"139","alpha",32420.2695050135
"140","duct",23950.3974307865
"141","alpha",17254.6751374801
"142","acinar",49935.9124206176
"143","duct",24944.4085667268
"144","pp",12798.242177731
"145","alpha",20230.3487289099
"146","duct",20708.3836113659
"147","alpha",27409.2580177602
"148","alpha",15481.4967859356
"149","beta",39637.614186717
"150","alpha",28206.3640606638
"151","pp",16855.7282956823
"152","alpha",24793.8178319001
"153","duct",36062.3300917888
"154","alpha",27994.4522297874
"155","duct",21298.2156154245
"156","acinar",47635.6232394565
"157","duct",26748.2855483762
"158","acinar",22360.2063906076
"159","duct",19921.4650539614
"160","acinar",11703.749218
"161","acinar",55309.3564595368
"162","duct",31391.1916219145
"163","alpha",24358.0623733264
"164","acinar",38642.2996809258
"165","alpha",43819.7782197595
"166","acinar",50343.7587252157
"167","alpha",26894.2367797042
"168","acinar",51223.0837980217
"169","duct",24665.500391168
"170","duct",30568.6757068089
"171","duct",38250.6470111092
"172","alpha",34785.2854005295
"173","beta",37733.1113836977
"174","duct",61717.9127269644
"175","acinar",18416.403096463
"176","acinar",44268.2043194453
"177","alpha",33883.0055659278
"178","alpha",136679.483054879
"179","acinar",59559.4058135797
"180","pp",17185.2468819543
"181","duct",30901.5802918939
"182","beta",36233.685130518
"183","pp",12218.1675410471
"184","acinar",34876.0938948066
"185","duct",34327.4799007114
"186","beta",24219.4814685577
"187","alpha",22765.8989120301
"188","alpha",29632.9638639622
"189","alpha",14368.8736916775
"190","duct",19967.1989254727
"191","acinar",45819.5359992881
"192","mesenchymal",51018.6792198398
"193","beta",7287.56271377412
"194","acinar",38917.4746167002
"195","acinar",60795.1918007398
"196","acinar",62175.5286788262
"197","acinar",31307.53773119
"198","acinar",29128.4111936312
"199","acinar",51929.0559375861
"200","mesenchymal",58641.6217409784
"201","alpha",6803.1394834252
"202","beta",16323.9776153001
"203","acinar",34404.2289646901
"204","delta",30627.7194627278
"205","alpha",31065.591660483
"206","mesenchymal",37706.5042291868
"207","alpha",31508.1513888373
"208","mesenchymal",71823.7693426184
"209","acinar",59920.5532553973
"210","mesenchymal",48195.129327178
"211","duct",41851.2352288522
"212","acinar",59933.7406118113
"213","acinar",51581.0675838169
"214","alpha",25851.2319477486
"215","alpha",27976.0398446915
"216","duct",14925.4435608447
"217","beta",48257.9692903327
"218","alpha",26580.8952123469
"219","duct",35808.5864709899
"220","beta",48571.6622710944
"221","acinar",47282.9558875556
"222","acinar",62803.4304980225
"223","beta",6104.83487125515
"224","alpha",25078.1158405312
"225","alpha",38262.193637744
"226","duct",26299.0403203292
"227","mesenchymal",41431.6851382933
"228","duct",64656.0269101261
"229","acinar",47532.1669166645
"230","beta",22331.2021684608
"231","acinar",58466.0868474285
"232","alpha",29961.5823296984
"233","duct",32235.2301896259
"234","duct",11382.5886248443
"235","duct",42227.5828270735
"236","beta",12702.9636880192
"237","acinar",33169.5696810338
"238","delta",12187.3601427911
"239","alpha",44638.9018954893
"240","alpha",22052.2232447409
"241","acinar",53284.095998062
"242","duct",12723.990474046
"243","duct",25707.0534631376
"244","acinar",40708.1040061371
"245","acinar",52846.9300411723
"246","mesenchymal",60240.7394218116
"247","acinar",52888.7971513241
"248","acinar",33202.2218815572
"249","alpha",44365.193469109
"250","beta",37064.9709431939
"251","acinar",43062.0317953001
"252","acinar",49733.6588698659
"253","acinar",50641.5183856945
"254","mesenchymal",40685.2674260416
"255","alpha",25590.9760552896
"256","duct",51546.9841960408
"257","acinar",58956.2908684914
"258","acinar",45183.2797132402
"259","duct",18559.696965963
"260","acinar",52801.1067435469
"261","alpha",25783.0422714182
"262","beta",31844.2314302928
"263","beta",234666.450442607
"264","alpha",9964.1088589003
"265","acinar",48216.5470350298
"266","acinar",57388.3982270919
"267","alpha",23622.7956789023
"268","pp",42290.0619209078
"269","alpha",16622.1973665654
"270","alpha",30894.4766953106
"271","alpha",21498.1404895074
"272","duct",26527.012954322
"273","alpha",18480.8514374481
"274","duct",7007.15472253797
"275","alpha",40529.0497893266
"276","acinar",56150.3637966878
"277","delta",26872.2154070402
"278","acinar",57890.8225770011
"279","acinar",30285.1564644961
"280","acinar",56616.8047715303
"281","duct",55834.9152260831
"282","alpha",41179.5930172543
"283","duct",33232.4928807917
"284","acinar",62463.323146572
"285","acinar",52465.4993383281
"286","alpha",19771.449506168
"287","alpha",32505.1928551778
"288","acinar",82139.1353574521
"289","alpha",24017.2352462924
"290","acinar",79304.5667732121
"291","beta",28893.9641197393
"292","alpha",18491.7122291584
"293","mesenchymal",12840.2593521854
"294","delta",47384.3418712007
"295","mesenchymal",37400.7325511863
"296","acinar",31270.8251830808
"297","duct",11858.2276243128
"298","alpha",39950.0560626149
"299","acinar",50890.7155313294
"300","duct",90648.2487616151
"301","endothelial",36214.089608629
"302","duct",36758.2265607929
"303","mesenchymal",75914.6295059604
"304","duct",33634.4740530659
"305","duct",31656.2743033467
"306","alpha",46808.0577826524
"307","duct",29686.0849967705
"308","alpha",17349.6909492267
"309","acinar",50129.2537615459
"310","alpha",21215.0761049807
"311","alpha",18405.107396997
"312","mesenchymal",39628.246835411
"313","alpha",22308.2950036901
"314","alpha",23995.2798870649
"315","delta",20817.3594643809
"316","alpha",29241.7340573708
"317","duct",37965.5390779902
"318","beta",39220.0908693139
"319","duct",46488.4863592882
"320","duct",71088.9991469742
"321","pp",19425.6008313086
"322","acinar",54252.9585314621
"323","alpha",20270.7148834229
"324","beta",14638.6965194638
"325","acinar",16020.1286544062
"326","duct",20090.2883160211
"327","duct",10577.1850130401
"328","endothelial",111821.706869908
"329","acinar",53748.1632282128
"330","duct",39311.291384232
"331","delta",23553.7099506961
"332","acinar",49449.0106243314
"333","acinar",81576.0503718242
"334","mesenchymal",58070.5137452827
"335","mesenchymal",71289.687005568
"336","mesenchymal",54118.6999147687
"337","alpha",15785.5850847048
"338","acinar",33046.3209696287
"339","acinar",54501.5739109218
"340","duct",63815.8916887425
"341","beta",29701.9435579758
"342","alpha",28732.1499163291
"343","duct",57548.1542120595
"344","beta",38679.4282331772
"345","duct",11071.9838813286
"346","alpha",22675.404042528
"347","endothelial",19942.1168952336
"348","delta",12268.4742493301
"349","alpha",6037.80064468484
"350","alpha",10997.0269859983
"351","alpha",10238.24051229
"352","delta",16738.4647729289
"353","alpha",19898.5358236064
"354","pp",10008.894906202
"355","alpha",10449.2705402048
"356","pp",6247.61196572087
"357","delta",11085.1480353323
"358","alpha",15803.6873610946
"359","alpha",9870.06839866807
"360","alpha",22036.7348956219
"361","alpha",16745.1863882956
"362","beta",20244.2596739306
"363","beta",8538.89399478893
"364","alpha",6598.00528106529
"365","alpha",16590.8669341995
"366","alpha",13497.4231917338
"367","pp",6636.08394383817
"368","alpha",15024.043330706
"369","delta",8807.71540603376
"370","alpha",20691.0645191693
"371","pp",10482.5014330542
"372","beta",10018.6770766574
"373","alpha",20795.4421721246
"374","alpha",7693.28765536769
"375","beta",7539.58719138816
"376","beta",8300.58516720512
"377","alpha",22664.1582507183
"378","delta",16187.1885371563
"379","alpha",17349.0404169312
"380","delta",11033.7149654362
"381","alpha",11893.6817726906
"382","alpha",24571.1246164623
"383","beta",28947.2289948972
"384","delta",22698.9110600118
"385","alpha",30324.2568254136
"386","alpha",13124.2340143309
"387","beta",27677.8163699554
"388","beta",22937.318540658
"389","duct",36930.9681052015
"390","alpha",32449.0232533232
"391","delta",11084.7842257259
"392","delta",33395.3034437192
"393","pp",13587.0107774116
"394","alpha",17909.2411349392
"395","alpha",24260.7149200045
"396","mesenchymal",61260.4869844786
"397","alpha",11819.5301179014
"398","duct",17876.0058157118
"399","pp",7641.67501328627
"400","pp",14135.0842911215
"401","acinar",37230.3182533366
"402","alpha",22504.54430326
"403","beta",21979.4795142447
"404","pp",14433.5687651417
"405","pp",15848.0350434915
"406","pp",10653.2787554847
"407","delta",10930.2450485092
"408","beta",11780.9683194482
"409","alpha",20746.3235817181
"410","beta",14849.853294857
"411","beta",24850.095525501
"412","beta",25800.5308387319
"413","alpha",24310.903688297
"414","beta",18987.3469174632
"415","beta",18055.9495581036
"416","delta",13255.896670765
"417","beta",20958.5709617545
"418","pp",14769.8492577348
"419","alpha",8554.91560257248
"420","beta",17080.5645060663
"421","alpha",27124.7477018728
"422","pp",13444.3464083664
"423","beta",16361.0534711803
"424","delta",11277.100166084
"425","beta",7489.52446228388
"426","mesenchymal",40835.2711813939
"427","alpha",19685.0750391197
"428","delta",16047.4927673909
"429","beta",17484.9214642997
"430","alpha",16804.3322507534
"431","duct",12949.38498967
"432","alpha",19113.3143521388
"433","delta",11832.0893792505
"434","delta",13075.8556808969
"435","beta",11515.8316205054
"436","duct",24315.9692866278
"437","alpha",15500.780069947
"438","alpha",9970.99092248286
"439","delta",15789.2078291438
"440","beta",16184.8226944768
"441","pp",9211.89731050017
"442","beta",25227.9614628325
"443","alpha",15945.7995662669
"444","beta",6111.22119339006
"445","alpha",13331.6744453702
"446","beta",13571.4565479278
"447","beta",16954.1421757695
"448","alpha",21286.3841604581
"449","beta",12037.4895118479
"450","alpha",9504.76887234179
"451","alpha",17366.2399518033
"452","delta",12594.4141520954
"453","alpha",14152.0493487578
"454","alpha",14841.7628158413
"455","alpha",16499.4119068957
"456","alpha",16870.5360345156
"457","alpha",17003.3108398583
"458","pp",10529.1825123336
"459","pp",9964.22438189318
"460","alpha",20110.8741960179
"461","delta",13320.2547682831
"462","pp",11061.996115052
"463","alpha",18745.419978032
"464","duct",12514.5447228595
"465","beta",20659.7189681297
"466","alpha",11224.9636960504
"467","alpha",22533.4579935026
"468","beta",19199.57922125
"469","duct",11300.1819938347
"470","beta",23295.1483906113
"471","duct",43967.427396311
"472","pp",14843.7741222117
"473","pp",10751.0945539496
"474","beta",17167.223408938
"475","duct",18370.2346082914
"476","beta",24779.2225614817
"477","duct",29058.1671880818
"478","pp",13657.8687293469
"479","duct",22962.2825726948
"480","beta",22302.15908971
"481","alpha",16218.4340442557
"482","pp",21001.9481683848
"483","alpha",23654.2127781864
"484","beta",17408.4858976036
"485","alpha",23581.4362873948
"486","beta",18986.9313952163
"487","alpha",9164.21040885139
"488","alpha",16628.0614558338
"489","alpha",14979.8849381036
"490","pp",11098.2624171072
"491","beta",12956.2462382116
"492","beta",19055.8677640056
"493","beta",18985.5691379552
"494","delta",11890.6161470105
"495","alpha",14816.8681254069
"496","pp",20400.1628688831
"497","duct",11558.9667582692
"498","beta",23137.7083368958
"499","alpha",8567.64075718793
"500","alpha",20039.372493978
"501","pp",6948.87230663221
"502","alpha",20909.6573449668
"503","alpha",14317.2805595996
"504","pp",6406.51655769187
"505","alpha",8356.92470391929
"506","beta",11200.8316222822
"507","acinar",7860.99288522717
"508","beta",8691.62081830926
"509","delta",10970.2619557069
"510","delta",9091.90156591794
"511","delta",13974.4430027308
"512","beta",10383.8708070605
"513","delta",9231.42966959747
"514","pp",8269.49876171982
"515","pp",7203.25601492296
"516","duct",27711.9402491038
"517","alpha",11955.6592034894
"518","beta",13927.5509973144
"519","alpha",11718.5151100298
"520","beta",16767.8329174756
"521","beta",9905.91091981718
"522","alpha",7208.94475156941
"523","beta",7700.92181005266
"524","alpha",20583.4191470107
"525","alpha",11469.9679571391
"526","alpha",9507.72524851122
"527","pp",9745.76465270342
"528","alpha",17393.9039731914
"529","alpha",13291.5494559833
"530","beta",7571.26416036854
"531","beta",14262.4579443963
"532","alpha",17561.8933403118
"533","beta",18821.7663555549
"534","alpha",9090.63139460328
"535","alpha",17607.162453107
"536","delta",15059.1492487264
"537","pp",9958.43861163113
"538","delta",19886.054610961
"539","alpha",22352.9046905538
"540","beta",14499.862682863
"541","alpha",17083.2451530006
"542","beta",10084.0308911579
"543","beta",19302.3665318582
"544","alpha",13651.6579694633
"545","alpha",16281.1552851919
"546","alpha",23275.3473160857
"547","delta",11583.4915209256
"548","delta",12862.6631692482
"549","beta",19484.7591201397
"550","alpha",15592.134063565
"551","beta",18692.9296577088
"552","beta",15317.2270422831
"553","alpha",21468.7293114391
"554","beta",6198.65049302004
"555","delta",19701.6744800774
"556","pp",11568.7123495413
"557","alpha",11190.9669676383
"558","mesenchymal",39338.5685593421
"559","alpha",11282.3325958881
"560","alpha",21473.0060430867
"561","alpha",19736.4156032888
"562","beta",16450.2091518124
"563","alpha",17763.9808921396
"564","alpha",15569.9971174426
"565","delta",10280.0424709854
"566","beta",7836.91363689608
"567","alpha",12964.9514503623
"568","delta",11070.3159263687
"569","beta",17411.7155791669
"570","beta",7141.51988096767
"571","alpha",27161.8207031128
"572","alpha",17207.4982104676
"573","beta",12305.0574688532
"574","alpha",11746.7828598981
"575","pp",6937.08584165191
"576","pp",7692.97262502564
"577","alpha",12952.7014420335
"578","pp",6435.93216953828
"579","mesenchymal",20430.4155421099
"580","alpha",7649.82326565388
"581","alpha",12045.7647174937
"582","alpha",7715.23261933224
"583","alpha",11247.0975089431
"584","alpha",8046.52200985894
"585","delta",10860.9646310887
"586","alpha",14817.3271355368
"587","beta",11398.4436107673
"588","pp",6739.28603901033
"589","alpha",15418.3322788572
"590","beta",13644.4525776447
"591","alpha",12758.9752786949
"592","alpha",11666.743744903
"593","beta",12706.3428143509
"594","alpha",12920.1566678553
"595","alpha",12014.3619616382
"596","alpha",9421.90541905038
"597","beta",8101.31175712087
"598","alpha",11938.2728771358
"599","alpha",13261.338933628
"600","alpha",10946.5019917396
"601","alpha",12988.9870423359
"602","beta",15160.3726275984
"603","delta",15059.0090381641
"604","beta",13415.9152946714
"605","delta",16471.8673160247
"606","beta",12872.4216522117
"607","duct",26758.7976498622
"608","alpha",43389.4085049439
"609","duct",35420.4093064183
"610","pp",12764.1336053212
"611","alpha",15977.1581776458
"612","alpha",16975.1996169558
"613","alpha",12040.7171303694
"614","beta",14334.0162983331
"615","alpha",15655.2422867543
"616","alpha",36842.8272188155
"617","alpha",13552.2012844592
"618","alpha",19735.3430837363
"619","alpha",15901.778676292
"620","beta",16028.7065787598
"621","alpha",19935.1641168757
"622","alpha",26578.1227752212
"623","alpha",21777.07006254
"624","beta",15467.2729582609
"625","delta",11454.0751037596
"626","alpha",17412.5947849192
"627","alpha",19067.1346115538
"628","beta",10196.2939491035
"629","alpha",15473.8956697489
"630","alpha",13888.5230060005
"631","alpha",11570.8144897541
"632","beta",17104.4218860929
"633","alpha",9220.78263272413
"634","alpha",11104.1938634006
"635","alpha",13372.3604728713
"636","beta",9303.11318291096
"637","alpha",14601.1767534709
"638","delta",8736.81886877171
"639","mesenchymal",64698.7085513601
"640","delta",8761.58700009956
"641","epsilon",7254.28244052678
"642","alpha",13911.5443054269
"643","pp",10917.3729974592
"644","beta",14189.8606959569
"645","delta",8003.95335760197
"646","beta",16979.2059527358
"647","alpha",20921.0968625933
"648","beta",22626.522524699
"649","alpha",19096.4504124503
"650","pp",19060.9676682723
"651","alpha",6740.55901003697
"652","alpha",21200.2961753736
"653","beta",19964.6242680784
"654","alpha",16435.7567683483
"655","beta",22660.9846853412
"656","beta",14099.4802220996
"657","alpha",13859.5871714258
"658","alpha",14221.3507561929
"659","alpha",17732.919928083
"660","beta",19930.866696999
"661","beta",15598.8315554346
"662","beta",13192.7485594678
"663","beta",24816.5971280236
"664","alpha",13065.6098056931
"665","beta",12162.8937238015
"666","alpha",10732.4977691862
"667","delta",20528.6916474677
"668","alpha",30133.5182809101
"669","beta",14742.0816817469
"670","alpha",18953.8383657571
"671","delta",17447.8485539552
"672","beta",7866.96521462739
"673","alpha",15822.5355084655
"674","beta",8384.12307057955
"675","beta",22878.8481731472
"676","alpha",9640.86058667771
"677","alpha",20245.8401610277
"678","delta",16364.3301835219
"679","beta",24191.5923263106
"680","alpha",31494.4352050033
"681","pp",8898.04660032448
"682","beta",18967.2620779742
"683","beta",18851.6374779085
"684","alpha",30537.0482870185
"685","beta",41760.5044675732
"686","alpha",17566.0794431281
"687","alpha",16217.713082679
"688","beta",20219.0347148257
"689","alpha",19767.9791405342
"690","beta",28929.5919002858
"691","beta",7782.40997109782
"692","beta",17869.8586115065
"693","beta",18506.5375029076
"694","duct",59599.2272730335
"695","alpha",19124.1979878927
"696","delta",10786.2829322746
"697","alpha",7138.55326827197
"698","alpha",30632.5325296383
"699","beta",22197.837562311
"700","beta",19185.7812701335
"701","alpha",19448.4344592002
"702","acinar",8719.5992514114
"703","alpha",14259.790742906
"704","delta",7195.40851210245
"705","delta",12918.1931161746
"706","pp",11563.535907127
"707","alpha",26019.1684133192
"708","delta",10348.3152941598
"709","beta",21726.0311949353
"710","alpha",34657.1755424004
"711","duct",29247.0601531805
"712","beta",16734.4432703156
"713","alpha",18173.409714465
"714","alpha",13694.2308839807
"715","beta",17572.2507964481
"716","pp",15308.9919608868
"717","pp",12886.9362474204
"718","alpha",15753.9380279307
"719","pp",9149.96041847513
"720","delta",6891.17649447154
"721","pp",9252.53945023797
"722","beta",11285.5657217938
"723","alpha",14402.2952514229
"724","alpha",22498.7941029459
"725","alpha",23164.4149923078
"726","delta",6793.53649533351
"727","alpha",15634.0780765746
"728","alpha",11010.9926214673
"729","alpha",9490.31204861408
"730","beta",11077.9229525099
"731","alpha",12941.7875761896
"732","delta",18098.8396938291
"733","beta",17363.9773268529
"734","pp",8654.26863282433
"735","alpha",23577.9545928583
"736","alpha",12928.8032248495
"737","beta",11581.5893192937
"738","alpha",9721.29642607299
"739","alpha",23064.0859158125
"740","alpha",9869.32078439342
"741","beta",28613.6456468297
"742","delta",13059.6004328993
"743","delta",6869.76822044351
"744","alpha",48124.5573208882
"745","beta",20389.9825970098
"746","alpha",9121.1596479912
"747","alpha",10030.4367734542
"748","alpha",15674.0634158542
"749","alpha",13894.6251019321
"750","pp",9528.91756968256
"751","beta",17534.8839443279
"752","alpha",18350.652092722
"753","alpha",14738.3840338666
"754","beta",19682.0173307806
"755","alpha",16676.8803913411
"756","beta",9377.37219600282
"757","delta",12775.6222204998
"758","alpha",23157.2977775412
"759","alpha",15598.8820004114
"760","delta",20421.8771219607
"761","beta",17265.8651476029
"762","alpha",20720.9595342112
"763","beta",22601.3374574461
"764","beta",18436.1036135207
"765","beta",40541.894050404
"766","alpha",25552.8448920211
"767","beta",20936.4190310222
"768","beta",23829.6186211581
"769","alpha",21678.4751758646
"770","alpha",11759.0316885548
"771","alpha",7057.01350360308
"772","delta",9064.42639958724
"773","pp",7340.85591937469
"774","alpha",31285.4633787107
"775","alpha",8751.29633292163
"776","alpha",12934.4393712234
"777","alpha",9572.908528075
"778","alpha",22085.6776587964
"779","beta",18838.3239321315
"780","beta",9164.71764783443
"781","delta",8481.30678769383
"782","acinar",13491.8560884551
"783","alpha",12022.909586253
"784","pp",7297.45145997098
"785","beta",17130.9536002487
"786","beta",13827.1191751861
"787","beta",16177.010982995
"788","endothelial",7387.00074900317
"789","delta",10966.3022563935
"790","duct",11989.132368557
"791","delta",12980.8781369081
"792","alpha",13009.9845601002
"793","delta",9315.31697550251
"794","pp",14080.4692942266
"795","beta",9085.82881264731
"796","alpha",12089.8339820472
"797","alpha",10389.5598834064
"798","pp",13078.9171583084
"799","pp",12792.041252415
"800","pp",8710.1495622375
"801","beta",19702.4740115141
"802","alpha",11585.6270802639
"803","beta",11456.9702907041
"804","pp",8762.3900285875
"805","beta",30797.3568451125
"806","beta",13015.9818030255
"807","alpha",18590.0506759402
"808","alpha",18559.4951538432
"809","beta",21085.5553129089
"810","alpha",16585.29709305
"811","alpha",19098.570343304
"812","beta",14994.1987670621
"813","acinar",34097.8415150388
"814","alpha",17167.8749064048
"815","alpha",17143.7365999757
"816","beta",21908.9517558001
"817","delta",18569.8237613073
"818","alpha",17470.4774994945
"819","alpha",27503.9756683379
"820","alpha",22794.0402869669
"821","beta",30046.7805099931
"822","alpha",14506.2519816488
"823","pp",14651.9192418281
"824","pp",13104.1245990743
"825","duct",12026.892994443
"826","delta",8204.69624404837
"827","alpha",24158.4752233846
"828","alpha",16464.150598131
"829","beta",41310.3722969578
"830","beta",21527.8524700485
"831","alpha",28400.8932543153
"832","epsilon",13587.1368181967
"833","alpha",21143.7068962715
"834","alpha",10808.9113337652
"835","beta",19290.1613031284
"836","beta",16703.5160946536
"837","alpha",23984.4095352211
"838","pp",11253.6092957741
"839","delta",10386.5590250949
"840","delta",24065.1825782666
"841","alpha",15921.0705241154
"842","delta",10202.3184131474
"843","alpha",20933.4799220183
"844","alpha",21068.1312200068
"845","alpha",18302.2623632769
"846","beta",21289.7388965425
"847","beta",23582.196614455
"848","beta",6353.34002063415
"849","alpha",10629.6487626199
"850","alpha",22105.1042273657
"851","pp",17105.7694325776
"852","pp",11827.7238282855
"853","alpha",13657.3421004233
"854","mesenchymal",29692.6883880403
"855","alpha",11048.5807582429
"856","beta",9148.35979271433
"857","delta",13679.4916030803
"858","beta",9943.04842953483
"859","beta",8839.83438464026
"860","delta",8370.80677827583
"861","alpha",10248.1547892473
"862","delta",17211.1870384375
"863","alpha",11732.5979106616
"864","pp",9342.12548897875
"865","alpha",8968.64909305324
"866","beta",14580.7249779778
"867","alpha",7505.34073047602
"868","alpha",10689.2762062592
"869","alpha",9357.33520066228
"870","alpha",12497.5144814171
"871","alpha",9662.1219439447
"872","alpha",10545.2346046568
"873","alpha",8444.52305336548
"874","beta",6680.94559268543
"875","alpha",6505.24380143506
"876","alpha",6986.31735774486
"877","alpha",16116.7714085659
"878","alpha",6037.30304380523
"879","pp",6474.26499921075
"880","alpha",11820.2791412848
"881","delta",7179.62044013424
"882","pp",6088.25801783273
"883","beta",15682.8932516202
"884","beta",13288.4801420855
"885","alpha",11311.7605724079
"886","beta",36468.6864025822
"887","delta",12361.650718285
"888","alpha",10275.6987661742
"889","alpha",10397.8270868932
"890","alpha",8664.43291157535
"891","alpha",11925.0197495548
"892","delta",19707.738184879
"893","duct",33493.7700497373
"894","alpha",13152.1790318094
"895","alpha",14252.9351781973
"896","alpha",12946.1956320965
"897","beta",8518.85439365427
"898","delta",6688.1064572743
"899","delta",7332.75484365529
"900","delta",7963.61006218763
"901","beta",8744.19000020396
"902","duct",19825.1754394612
"903","alpha",10771.1794086638
"904","alpha",15242.2544753307
"905","delta",9473.09359934697
"906","delta",12589.9297542612
"907","delta",8446.89563952484
"908","alpha",18231.2132693236
"909","delta",9719.06188932151
"910","alpha",15207.0923790965
"911","beta",13546.591059539
"912","beta",13734.2928893744
"913","duct",16428.9046482796
"914","beta",7497.54502483363
"915","beta",8435.30637764715
"916","beta",11681.6706279136
"917","beta",7923.648256219
"918","alpha",21846.2601896228
"919","alpha",14001.0179360124
"920","acinar",26549.5415472408
"921","delta",10021.6658779789
"922","acinar",14878.8484056601
"923","alpha",17996.4420889161
"924","acinar",44482.0378382048
"925","beta",6166.99611642729
"926","beta",8469.3083213303
"927","duct",28942.5759413142
"928","beta",13048.0077105919
"929","delta",10775.8841950724
"930","duct",10423.3728786646
"931","alpha",21643.9107161504
"932","acinar",57776.805012061
"933","beta",17571.4294625455
"934","acinar",33707.7272353864
"935","acinar",29582.0912087753
"936","mesenchymal",42045.1939219769
"937","alpha",13369.7909974061
"938","acinar",11092.3945513943
"939","beta",10364.2191245179
"940","acinar",14454.7807277698
"941","beta",9871.09500743584
"942","beta",11343.2849770176
"943","alpha",7028.89825744034
"944","alpha",13165.1197598528
"945","delta",11614.144322876
"946","beta",13383.4665023624
"947","alpha",12614.8765591224
"948","mesenchymal",25347.290191541
"949","beta",13460.6128900753
"950","duct",6466.87460660026
"951","alpha",9872.93406166885
"952","endothelial",25752.3334225374
"953","alpha",15526.5647164387
"954","alpha",6778.02354514773
"955","acinar",33472.9706191666
"956","acinar",50684.5715478669
"957","alpha",26184.6904336824
"958","beta",22600.37117904
"959","acinar",34740.5540635536
"960","alpha",9176.06398538699
"961","duct",17929.786361624
"962","acinar",16783.9030177831
"963","alpha",10613.2299065975
"964","beta",21785.9818821987
"965","beta",21905.0567199827
"966","duct",50472.4439883852
"967","beta",10605.0944367758
"968","acinar",45190.6714535004
"969","alpha",19584.2122350821
"970","alpha",29367.6145141211
"971","alpha",10739.0600191598
"972","duct",19612.7720036647
"973","beta",14423.158247154
"974","alpha",28459.1287158697
"975","pp",18419.4225585597
"976","alpha",51690.2942571544
"977","alpha",26360.4130002127
"978","beta",25607.6690971388
"979","alpha",25029.9470114791
"980","acinar",29630.9485449812
"981","duct",16688.4439714107
"982","beta",12856.2843605658
"983","beta",10914.2809361715
"984","alpha",18038.2944434854
"985","duct",34015.3016232266
"986","duct",23986.5227404756
"987","alpha",18088.2550565806
"988","pp",22665.7366143001
"989","beta",12744.0222409453
"990","pp",8258.77740374774
"991","duct",16190.1335624472
"992","duct",10571.1032145092
"993","duct",14081.2129575258
"994","alpha",15456.859435911
"995","beta",23790.9606960259
"996","alpha",30164.4049317675
"997","acinar",60149.3677606015
"998","alpha",22328.9600078553
"999","duct",9572.10608741259
"1000","alpha",24630.1934332752
"1001","alpha",17741.196553677
"1002","duct",27325.5189022679
"1003","beta",10809.7672611051
"1004","alpha",28860.0726731466
"1005","beta",16408.6478065428
"1006","duct",17732.6400206548
"1007","delta",11359.4778076308
"1008","acinar",40087.093064798
"1009","alpha",13438.6912086536
"1010","alpha",23711.5755970522
"1011","duct",33510.0791831611
"1012","alpha",11329.3001811088
"1013","delta",9845.69067262076
"1014","alpha",10544.8312955968
"1015","alpha",9947.5440098494
"1016","acinar",38260.0885562741
"1017","duct",31421.7291510593
"1018","acinar",26250.1438194029
"1019","mesenchymal",41356.2855276073
"1020","duct",14198.2280531099
"1021","duct",20353.2958139763
"1022","alpha",12441.4179885559
"1023","beta",18469.7234056731
"1024","mesenchymal",32927.7552850971
"1025","acinar",21378.8912847372
"1026","beta",13810.4154113733
"1027","beta",9560.24899155248
"1028","delta",14502.6155630315
"1029","acinar",35741.2818063871
"1030","alpha",12916.0563808472
"1031","alpha",15785.0508390409
"1032","alpha",16471.0782282626
"1033","beta",22201.2069008245
"1034","duct",27431.9618389976
"1035","delta",14565.4761372234
"1036","duct",13524.0061390289
"1037","acinar",41522.3020867858
"1038","alpha",17971.225263044
"1039","duct",17540.6650491751
"1040","duct",35863.3198872723
"1041","beta",21877.1085826579
"1042","alpha",15883.6474440919
"1043","alpha",26834.9204083553
"1044","beta",20211.9608470669
"1045","beta",17208.3588129601
"1046","beta",19582.2288138154
"1047","beta",14875.402593037
"1048","alpha",16419.0254039814
"1049","beta",24200.9071166358
"1050","acinar",54515.1893473145
"1051","duct",24220.6897200092
"1052","pp",15297.4729716751
"1053","alpha",28185.9734857975
"1054","alpha",10466.3243868659
"1055","beta",19778.6749374908
"1056","duct",16215.3912530375
"1057","pp",8332.5995318511
"1058","acinar",45380.8899774345
"1059","alpha",24940.2675172907
"1060","alpha",18979.5622844704
"1061","beta",16265.1660967171
"1062","beta",24460.7574078242
"1063","alpha",15471.768403458
"1064","duct",48180.5755394917
"1065","acinar",56414.3919256134
"1066","delta",18608.8808295964
"1067","beta",22693.6583867348
"1068","beta",19235.9658940773
"1069","duct",44547.7768136113
"1070","alpha",11254.576584421
"1071","acinar",29320.69136786
"1072","duct",25922.6809594218
"1073","duct",10559.814802689
"1074","duct",24078.3257819462
"1075","delta",27708.460137832
"1076","mesenchymal",48660.1320284519
"1077","alpha",14607.6594224931
"1078","alpha",41706.9242471835
"1079","acinar",28524.2965481665
"1080","duct",13701.1223764143
"1081","mesenchymal",40888.3025634782
"1082","acinar",36714.6135146875
"1083","duct",26170.7608838355
"1084","alpha",16097.1815817602
"1085","mesenchymal",29595.3103690277
"1086","beta",28191.8601615223
"1087","alpha",10409.3528925822
"1088","duct",11036.6170285495
"1089","acinar",30917.9993663939
"1090","alpha",13947.6080800313
"1091","alpha",10916.7739668679
"1092","beta",16852.267614065
"1093","alpha",12151.0018947657
"1094","beta",13908.1438797342
"1095","duct",24294.9126327253
"1096","alpha",14259.9621080872
"1097","acinar",33416.5374198443
"1098","mesenchymal",26319.9326422424
"1099","delta",9847.92506280193
"1100","beta",13706.3379253177
"1101","alpha",11068.9531740352
"1102","alpha",9019.46073612034
"1103","duct",32222.1450100667
"1104","beta",18527.4382161477
"1105","acinar",18349.2783488286
"1106","alpha",10822.7167797583
"1107","duct",23111.6670888167
"1108","acinar",26392.1851939184
"1109","alpha",15219.4073785104
"1110","alpha",13625.4236264046
"1111","alpha",13243.6811500157
"1112","pp",12801.9560033965
"1113","beta",6369.83554957208
"1114","alpha",8440.59404789333
"1115","beta",16263.5428807731
"1116","alpha",11960.0969198338
"1117","acinar",34445.4272235018
"1118","duct",39175.4234522123
"1119","alpha",7466.66759446614
"1120","alpha",14999.0340798568
"1121","acinar",21804.5950218214
"1122","delta",16315.4138447544
"1123","delta",21124.0339945783
"1124","beta",10954.4215431609
"1125","alpha",13832.5023860198
"1126","alpha",25363.5477357796
"1127","duct",22469.4791881585
"1128","acinar",34670.124761263
"1129","beta",14967.1735933298
"1130","alpha",12671.9006860113
"1131","acinar",22478.2705723477
"1132","beta",9103.64600794733
"1133","alpha",18511.320406362
"1134","pp",13911.1010324973
"1135","alpha",17661.3388536966
"1136","mesenchymal",21768.8757532035
"1137","acinar",32446.2140274498
"1138","pp",6720.7957572479
"1139","delta",14567.8367791006
"1140","acinar",25639.5233388906
"1141","acinar",38526.9237597083
"1142","duct",13235.3346821158
"1143","beta",29593.5046732073
"1144","delta",14201.3879398809
"1145","beta",20051.3908293028
"1146","acinar",30262.9718440984
"1147","alpha",15542.295626189
"1148","endothelial",12643.3818895071
"1149","pp",15891.8553509171
"1150","acinar",30633.5021911686
"1151","beta",12502.7077234566
"1152","alpha",23232.6266384728
"1153","pp",18354.4212982074
"1154","acinar",21406.8482845218
"1155","alpha",8777.5250859193
"1156","duct",13900.552275141
"1157","duct",17936.7326979674
"1158","duct",23354.90775274
"1159","beta",12777.1278113027
"1160","alpha",10761.7731483641
"1161","alpha",22388.8673608864
"1162","acinar",56830.5211037406
"1163","beta",17656.3094986287
"1164","delta",16676.8096961898
"1165","acinar",39353.4870340881
"1166","alpha",18087.033372347
"1167","alpha",6989.12663229092
"1168","beta",30281.5577178501
"1169","alpha",19439.0598796216
"1170","alpha",24815.8504028303
"1171","delta",7649.74971218094
"1172","pp",7055.30628128388
"1173","alpha",18328.0272728887
"1174","alpha",6112.13555756381
"1175","alpha",13457.338226445
"1176","delta",6932.07746418429
"1177","acinar",13886.7127089618
"1178","beta",19902.1720168258
"1179","alpha",15501.3159235233
"1180","acinar",38917.4342881374
"1181","acinar",11087.1134591553
"1182","pp",10584.8700403708
"1183","mesenchymal",39196.694937184
"1184","beta",22852.3527964444
"1185","alpha",17778.0123190001
"1186","beta",17196.414720534
"1187","alpha",21274.5878683085
"1188","beta",26528.2362731978
"1189","alpha",16683.6529396834
"1190","alpha",18120.9758269013
"1191","alpha",17028.6169397475
"1192","beta",15614.6395148727
"1193","alpha",6993.23211389586
"1194","alpha",13928.2040619737
"1195","delta",17366.0282827442
"1196","alpha",26184.9742350825
"1197","alpha",16947.6867872694
"1198","alpha",14063.0150752974
"1199","alpha",19537.7384778872
"1200","duct",32284.0855177366
"1201","beta",21531.276567091
"1202","duct",17813.1669164684
"1203","acinar",28581.938448484
"1204","pp",15331.5521426664
"1205","duct",24077.8470872121
"1206","beta",8654.51233516403
"1207","pp",8485.02252257612
"1208","acinar",41103.2565690582
"1209","alpha",21254.1085708286
"1210","acinar",41225.805464527
"1211","beta",18272.8292862127
"1212","beta",19364.7321707792
"1213","delta",24841.9636668603
"1214","alpha",18646.9612055962
"1215","acinar",55180.0501385043
"1216","beta",40611.615235956
"1217","alpha",15808.7158921424
"1218","beta",29202.9883036998
"1219","alpha",22569.2251486836
"1220","alpha",28766.6153522632
"1221","alpha",30306.270374789
"1222","acinar",59652.6306047925
"1223","duct",22512.662973507
"1224","duct",30681.3665796515
"1225","beta",21673.994984327
"1226","alpha",18754.2938102783
"1227","delta",28961.8163290744
"1228","alpha",23994.331176087
"1229","delta",9965.84911532528
"1230","beta",22134.8403458558
"1231","beta",28873.8313633985
"1232","beta",24103.4906187391
"1233","beta",32596.9070120369
"1234","mesenchymal",80310.5999167008
"1235","duct",35735.4686858882
"1236","duct",24934.4954677632
"1237","acinar",55018.6401143109
"1238","duct",36890.9688527224
"1239","acinar",35097.0961955453
"1240","duct",47318.8419522557
"1241","delta",21969.0205164435
"1242","beta",15736.7584308249
"1243","duct",10114.160511901
"1244","duct",63228.8188844907
"1245","delta",18995.7875928189
"1246","alpha",12999.3969259913
"1247","alpha",6412.57989097327
"1248","beta",33514.8481087702
"1249","beta",25442.5889270882
"1250","alpha",24703.1583208102
"1251","beta",28144.1867742429
"1252","alpha",30824.9826750027
"1253","alpha",12750.7292968394
"1254","duct",16028.4179203362
"1255","acinar",13844.0727117633
"1256","beta",10857.033255512
"1257","acinar",46304.2418873216
"1258","beta",26383.0141137196
"1259","acinar",28823.9960217903
"1260","alpha",8422.34113010102
"1261","beta",15430.8086427816
"1262","acinar",12746.6149559768
"1263","beta",10254.8735696063
"1264","alpha",7440.34267460144
"1265","beta",11265.8882705542
"1266","alpha",14535.4013471398
"1267","alpha",7477.0661157492
"1268","alpha",10412.6374349216
"1269","duct",14528.2915321442
"1270","duct",14823.6390293938
"1271","beta",9932.92384025252
"1272","acinar",22635.2603560071
"1273","alpha",17604.0203492099
"1274","delta",8721.19627650897
"1275","duct",14122.732935497
"1276","alpha",9575.90178931934
"1277","alpha",11054.5503855976
"1278","beta",11955.0609395198
"1279","delta",13831.4929678666
"1280","alpha",11129.2331788189
"1281","alpha",8014.2419034116
"1282","beta",11635.6840389477
"1283","beta",12008.4293934504
"1284","beta",10868.6953004786
"1285","beta",8440.78953161638
"1286","beta",9762.56051188477
"1287","alpha",7372.38394479593
"1288","acinar",23705.5699914243
"1289","alpha",12211.8628858654
"1290","alpha",10102.0334028662
"1291","duct",23433.6626321796
"1292","beta",9907.5541882907
"1293","acinar",19761.1121657395
"1294","duct",14359.1428770052
"1295","delta",12767.3843064997
"1296","alpha",19001.2875280903
"1297","acinar",22446.1681101974
"1298","delta",19890.8655957177
"1299","duct",24414.1475825633
"1300","acinar",34360.3840311289
"1301","alpha",24469.8056765587
"1302","alpha",11966.7773261919
"1303","duct",16198.2186561935
"1304","beta",15783.4403961594
"1305","alpha",16660.9582938139
"1306","alpha",10596.9609717636
"1307","delta",16297.3973208672
"1308","alpha",6843.48640997565
"1309","acinar",18472.4731921186
"1310","alpha",15405.7378241002
"1311","alpha",13759.4184129467
"1312","acinar",16488.5039170415
"1313","beta",16393.7868582396
"1314","alpha",24885.6475963132
"1315","alpha",13035.6240047925
"1316","duct",13047.4875214652
"1317","duct",24378.4687642023
"1318","alpha",17770.3676379962
"1319","alpha",25285.400909135
"1320","alpha",16944.75642895
"1321","acinar",31367.7382013043
"1322","acinar",40035.6546424288
"1323","delta",32190.3713121327
"1324","duct",6480.30314522619
"1325","duct",11214.8367633057
"1326","beta",11744.7154797763
"1327","acinar",16941.8573784926
"1328","alpha",14612.5566915399
"1329","mesenchymal",23900.9807195178
"1330","mesenchymal",25341.7984895138
"1331","acinar",7744.73097236668
"1332","beta",14661.6190677862
"1333","duct",10510.0935018773
"1334","mesenchymal",32999.9289692017
"1335","mesenchymal",26130.5306691289
"1336","delta",21982.5787010083
"1337","beta",11392.0092242953
"1338","alpha",16289.3157661251
"1339","alpha",36867.5579544676
"1340","alpha",9254.76822124716
"1341","acinar",17778.1051979977
"1342","alpha",9723.60605788993
"1343","duct",33530.3200207608
"1344","acinar",35805.3906790496
"1345","alpha",9251.08111154731
"1346","beta",17699.3629876385
"1347","mesenchymal",11678.6863958292
"1348","alpha",12093.2357078981
"1349","duct",7767.39718880305
"1350","pp",6183.2929830129
"1351","endothelial",15759.2671058997
"1352","beta",8143.49501245445
"1353","acinar",29789.5121484992
"1354","alpha",10700.8458526188
"1355","acinar",16701.3936731474
"1356","delta",17331.3291388761
"1357","acinar",26429.1944353002
"1358","beta",9553.45162485254
"1359","beta",8645.25408685245
"1360","alpha",17516.0647688977
"1361","beta",17994.5384551447
"1362","beta",11394.2593832978
"1363","acinar",24550.1310481358
"1364","beta",16104.4968046035
"1365","duct",17935.6235480012
"1366","acinar",16293.0828753862
"1367","epsilon",8699.12424719761
"1368","duct",20966.7725812257
"1369","duct",19427.6571702102
"1370","acinar",17056.1319540853
"1371","alpha",10044.7210883498
"1372","beta",8586.50666433352
"1373","pp",7452.87928404167
"1374","acinar",8571.09897867507
"1375","duct",11225.104156013
"1376","alpha",11756.7760881152
"1377","alpha",11362.0428766612
"1378","duct",13161.2675616549
"1379","delta",10624.3287945511
"1380","acinar",35457.8090671731
"1381","acinar",12940.1733027863
"1382","duct",22032.9741304948
"1383","beta",12093.0298503049
"1384","acinar",27317.3426882217
"1385","duct",26067.7962822147
"1386","alpha",14674.033356465
"1387","delta",6412.91886017744
"1388","beta",17288.2013016051
"1389","alpha",20096.6151658167
"1390","beta",20627.7458261504
"1391","duct",26293.5260058809
"1392","duct",9104.6725902169
"1393","acinar",26892.0537688131
"1394","acinar",26724.5431259727
"1395","alpha",11764.9494594782
"1396","alpha",16278.9083198417
"1397","alpha",16020.9283448622
"1398","duct",6701.8516135656
"1399","beta",20888.4485137291
"1400","alpha",7793.99833492477
"1401","beta",6678.89199432885
"1402","acinar",38923.2130051671
"1403","acinar",16303.4152337291
"1404","alpha",12916.9481174754
"1405","alpha",6712.58835293176
"1406","beta",20588.2970189662
"1407","acinar",33521.2727778719
"1408","beta",20160.0313645857
"1409","duct",33205.3585677993
"1410","acinar",28058.8474011312
"1411","endothelial",16831.3033416284
"1412","beta",16883.8514425983
"1413","duct",23008.2105685411
"1414","endothelial",11594.1998994835
"1415","alpha",13310.4617008569
"1416","acinar",21647.4122037662
"1417","beta",19674.365642494
"1418","alpha",10689.709789259
"1419","duct",13984.8628220161
"1420","beta",14449.7239323761
"1421","acinar",21514.6355464547
"1422","duct",23507.9524402252
"1423","alpha",7471.55420166032
"1424","mesenchymal",35685.1099716705
"1425","beta",17761.4243006362
"1426","acinar",38166.381678298
"1427","beta",22606.2150228353
"1428","alpha",16799.495996759
"1429","alpha",6811.26185778295
"1430","alpha",10825.7356975787
"1431","alpha",13463.0647937431
"1432","beta",14534.7341767519
"1433","duct",27476.4231117866
"1434","alpha",13676.874159243
"1435","beta",14204.8978250531
"1436","alpha",11708.3551913509
"1437","beta",12304.0434895763
"1438","endothelial",13331.4476645056
"1439","alpha",20901.382146534
"1440","alpha",10494.2447315066
"1441","acinar",11896.1756488229
"1442","beta",6386.97967682821
"1443","acinar",22597.3029993409
"1444","alpha",9381.09359907481
"1445","pp",6674.89483831911
"1446","duct",21571.6486707019
"1447","alpha",9910.84707313956
"1448","duct",6317.06177330595
"1449","alpha",14128.228740497
"1450","beta",15251.6106732959
"1451","acinar",24573.8288975891
"1452","beta",13321.3141383042
"1453","duct",20670.9382626782
"1454","alpha",12270.6491552524
"1455","duct",11482.7356172551
"1456","alpha",9198.57539656128
"1457","duct",17369.5371566842
"1458","alpha",7009.72475082168
"1459","endothelial",9416.54198786957
"1460","alpha",12121.3230188094
"1461","beta",7521.86021665651
"1462","alpha",12193.9610442799
"1463","alpha",13300.5952969248
"1464","alpha",14353.4614074218
"1465","acinar",20913.5614294205
"1466","beta",24541.1559778887
"1467","beta",6349.01572298414
"1468","alpha",11153.7652587
"1469","duct",6140.32785398204
"1470","alpha",14971.655568325
"1471","beta",15053.2711671812
"1472","beta",20335.4252466949
"1473","beta",13580.0053417578
"1474","mesenchymal",29798.952933455
"1475","alpha",10336.2575110682
"1476","alpha",9209.46222373825
"1477","alpha",14016.4194929615
"1478","beta",14630.8378927756
"1479","alpha",13160.1911655056
"1480","beta",11170.4520219456
"1481","duct",35033.1917752756
"1482","duct",23651.4983228141
"1483","beta",12385.0146036169
"1484","beta",14275.5905720342
"1485","beta",15086.2309565221
"1486","alpha",26264.0883971049
"1487","alpha",16031.1355992978
"1488","acinar",22916.4512812308
"1489","alpha",10989.0568887105
"1490","alpha",14541.0428961125
"1491","delta",10989.3525151114
"1492","beta",15101.0758670871
"1493","alpha",6431.01467102371
"1494","beta",19168.1934875427
"1495","acinar",23885.4813611154
"1496","alpha",16227.2172884936
"1497","beta",16886.5484122511
"1498","duct",21062.9623239293
"1499","beta",12006.5360140058
"1500","alpha",6389.98655892187
"1501","beta",20431.8689045717
"1502","acinar",29495.7792136779
"1503","beta",13005.576922942
"1504","alpha",17205.1557677808
"1505","delta",9030.93194401077
"1506","beta",12506.4550212736
"1507","beta",12868.4335425106
"1508","beta",22477.9245988916
"1509","duct",17365.0092891405
"1510","beta",17160.1052288204
"1511","pp",11031.0196897222
"1512","alpha",29660.8193128581
"1513","beta",9042.27986690726
"1514","delta",15085.1482697892
"1515","alpha",15683.7927726822
"1516","beta",21766.6618235922
"1517","acinar",28742.4839291959
"1518","alpha",17928.0201336467
"1519","alpha",23919.7048233031
"1520","acinar",17058.8601858512
"1521","beta",16466.5802688712
"1522","alpha",8926.70633307016
"1523","pp",7702.76541385066
"1524","acinar",24654.5437932879
"1525","alpha",12695.1052975313
"1526","beta",11136.6557552074
"1527","alpha",13990.4804849585
"1528","pp",8565.79682453502
"1529","delta",15840.6307942501
"1530","mesenchymal",35847.4994882533
"1531","duct",14877.4799083351
"1532","duct",7560.41012251124
"1533","beta",15689.7569205795
"1534","duct",30244.3996765383
"1535","alpha",17791.6486177075
"1536","beta",9555.86628165921
"1537","pp",8433.84757968927
"1538","acinar",30636.7718733862
"1539","delta",15429.4741962736
"1540","beta",7974.86339718243
"1541","duct",15141.0854881391
"1542","beta",13512.7450477627
"1543","alpha",12695.2985907106
"1544","delta",10955.5117572722
"1545","pp",8077.60822247271
"1546","duct",16064.4028885178
"1547","alpha",15012.1521680745
"1548","endothelial",7559.80783919897
"1549","acinar",18266.2942567536
"1550","beta",27941.5928981781
"1551","delta",18000.4905562766
"1552","beta",19211.8819664047
"1553","alpha",8025.51643972626
"1554","duct",20625.9788912238
"1555","alpha",19538.7002206335
"1556","endothelial",9873.43050439355
"1557","beta",23533.3461229845
"1558","beta",21799.3358343208
"1559","beta",11587.6350439605
"1560","alpha",23844.079070508
"1561","acinar",32875.2114112505
"1562","mesenchymal",14112.7741701186
"1563","alpha",10031.9624689459
"1564","duct",30968.7208337193
"1565","beta",24647.8051426456
"1566","alpha",20682.5483800342
"1567","alpha",25019.970186639
"1568","acinar",53358.32874315
"1569","beta",25476.8256387567
"1570","alpha",26993.4618998532
"1571","delta",20848.5915137044
"1572","pp",10625.6408219541
"1573","delta",14077.077740672
"1574","pp",15521.2952304155
"1575","delta",8513.5155766579
"1576","beta",16963.8534732699
"1577","beta",10627.8699423181
"1578","duct",16418.7490578058
"1579","delta",19952.9987744444
"1580","duct",41866.2185262484
"1581","beta",19149.3213078948
"1582","duct",15700.961574782
"1583","acinar",6974.18728506561
"1584","alpha",8578.7932023998
"1585","beta",11662.3709484658
"1586","beta",23734.7698623286
"1587","duct",18966.1745049634
"1588","alpha",39790.1261133943
"1589","pp",19826.2704564719
"1590","beta",22322.5359339204
"1591","acinar",42722.7468368266
"1592","duct",11341.2788123546
"1593","acinar",30662.3555389419
"1594","mesenchymal",34405.7155523669
"1595","alpha",11092.2951358326
"1596","duct",21333.7870803914
"1597","acinar",22553.4494389679
"1598","alpha",23180.9728854306
"1599","delta",8445.4304600532
"1600","delta",11895.8215752605
"1601","alpha",9085.71772527993
"1602","alpha",14645.310184553
"1603","alpha",10960.5193186311
"1604","duct",29710.0225917527
"1605","beta",7709.08784090256
"1606","alpha",9355.09932133486
"1607","alpha",11394.4430183837
"1608","alpha",11352.7971918972
"1609","acinar",23791.3708231462
"1610","delta",14676.0832870963
"1611","alpha",12736.2441763963
"1612","acinar",53379.0892776577
"1613","alpha",19235.920252111
"1614","alpha",11301.1278187103
"1615","mesenchymal",13652.2809364735
"1616","beta",6348.92020399739
"1617","alpha",11417.539474713
"1618","alpha",7523.4482288811
"1619","acinar",14251.3861173409
"1620","acinar",22600.4088237659
"1621","duct",10029.8617874364
"1622","beta",7868.03141166513
"1623","alpha",8982.1522105783
"1624","duct",9679.18301764834
"1625","alpha",8544.46519963168
"1626","alpha",10157.3195957498
"1627","beta",8195.09634775666
"1628","alpha",9316.71981835584
"1629","alpha",35400.6514934097
"1630","duct",12838.3850869896
"1631","duct",27801.9126058962
"1632","endothelial",7767.2053861234
"1633","beta",10923.45682118
"1634","duct",12157.7700131233
"1635","alpha",8070.23455002175
"1636","alpha",7336.46335120782
"1637","beta",7696.09725959277
"1638","alpha",38528.6541928653
"1639","beta",20656.5154660571
"1640","alpha",10156.8371173329
"1641","acinar",10006.0551458562
"1642","alpha",34557.5471682991
"1643","beta",18532.7823377991
"1644","alpha",23887.6476024008
"1645","alpha",9612.02755169667
"1646","alpha",16354.0473967727
"1647","acinar",32822.2255446639
"1648","acinar",13183.6481026996
"1649","alpha",20020.69502058
"1650","beta",10318.6663078514
"1651","alpha",43557.3837834624
"1652","beta",12795.0580107961
"1653","delta",8860.06167572357
"1654","mesenchymal",13217.0407826107
"1655","alpha",13135.5143387843
"1656","acinar",36967.8947526262
"1657","alpha",7851.78375748483
"1658","beta",7967.75388809775
"1659","alpha",26931.1567055485
"1660","endothelial",7729.28256810269
"1661","duct",9698.21345436535
"1662","alpha",13516.3570021604
"1663","alpha",12439.7472073036
"1664","delta",10182.1306094577
"1665","alpha",16046.3885878882
"1666","beta",10172.7231309793
"1667","alpha",20385.7158967724
"1668","alpha",22165.0531497007
"1669","duct",14600.1841709635
"1670","beta",11714.371146698
"1671","alpha",7428.26078932585
"1672","acinar",23384.2885799126
"1673","beta",10410.0604121009
"1674","beta",14343.118557167
"1675","acinar",45048.1494242049
"1676","alpha",21162.504285748
"1677","delta",24438.2735126459
"1678","duct",41988.241997452
"1679","alpha",55582.1446318895
"1680","mesenchymal",45712.8643745609
"1681","beta",44607.181259712
"1682","pp",16359.0506700528
"1683","duct",24896.9434300857
"1684","alpha",6943.23305473093
"1685","acinar",38616.4825327327
"1686","alpha",7418.19337848014
"1687","alpha",58228.9901896152
"1688","alpha",17323.014959887
"1689","alpha",20199.4755045609
"1690","alpha",30951.5259161182
"1691","acinar",46177.8382180856
"1692","alpha",17002.5439478212
"1693","alpha",19566.4250218686
"1694","delta",15248.9084343224
"1695","alpha",31374.6574522799
"1696","delta",21183.601117242
"1697","alpha",31831.3996202263
"1698","alpha",10290.1943639973
"1699","alpha",18446.5277818701
"1700","delta",16445.76346861
"1701","acinar",46289.0784512498
"1702","alpha",24434.5267162124
"1703","mesenchymal",39109.3051425395
"1704","beta",19697.9381429336
"1705","beta",8950.32032100577
"1706","beta",24860.0495722995
"1707","beta",24556.5296753686
"1708","alpha",9892.3182400949
"1709","duct",42733.0828017283
"1710","alpha",29121.3222821128
"1711","duct",7924.2448766852
"1712","delta",7386.73123474648
"1713","alpha",41356.8823985931
"1714","acinar",119411.33275244
"1715","acinar",33207.3587903654
"1716","acinar",52122.5128586703
"1717","beta",29717.8697566666
"1718","acinar",22611.5602436007
"1719","beta",26195.7122132019
"1720","alpha",20635.0889965329
"1721","beta",61667.7891279238
"1722","delta",60714.6373604489
"1723","duct",18496.5927623061
"1724","acinar",49908.3647910135
"1725","delta",27899.7826233474
"1726","acinar",41463.2063963132
"1727","delta",23650.67569919
"1728","beta",71297.1131498662
"1729","acinar",49148.1604954014
"1730","beta",37818.6986441838
"1731","duct",25436.061197271
"1732","mesenchymal",52725.9247603092
"1733","acinar",167572.328299877
"1734","beta",20262.5570837315
"1735","alpha",30046.5538398408
"1736","alpha",24605.1483199304
"1737","alpha",26769.3067006346
"1738","alpha",22487.2626347179
"1739","alpha",18367.5470187444
"1740","beta",260576.239460874
"1741","alpha",42290.1443117727
"1742","alpha",16472.1630272939
"1743","delta",66697.7209644923
"1744","alpha",42408.4807721044
"1745","acinar",38239.6866908039
"1746","mesenchymal",51850.6928514808
"1747","alpha",25880.9494573702
"1748","duct",16558.4805422175
"1749","alpha",23024.8377263475
"1750","alpha",27148.328547219
"1751","delta",45323.3014399926
"1752","alpha",37736.244931289
"1753","duct",97990.3471215786
"1754","alpha",28200.8845570099
"1755","alpha",16385.382963309
"1756","beta",26210.7128165225
"1757","alpha",14093.5289943115
"1758","delta",20669.5682722446
"1759","beta",25895.7524239747
"1760","alpha",15834.7672127984
"1761","mesenchymal",34624.4193811028
"1762","mesenchymal",57485.5994502327
"1763","alpha",10148.1118817276
"1764","alpha",22313.7648601026
"1765","acinar",41361.273165323
"1766","beta",21663.6110418755
"1767","alpha",27925.2130534302
"1768","alpha",17343.6268345846
"1769","mesenchymal",28261.1211201569
"1770","mesenchymal",42032.1782493003
"1771","duct",6623.59159693723
"1772","beta",14190.4512973747
"1773","beta",17851.428431912
"1774","alpha",14617.5154741577
"1775","alpha",8228.4603655863
"1776","beta",28129.5042255746
"1777","beta",15543.7715681228
"1778","pp",11595.7600290222
"1779","alpha",21705.384142358
"1780","duct",25503.1805587367
"1781","delta",11158.0670421427
"1782","alpha",22695.7005008062
"1783","alpha",8921.67627002036
"1784","pp",9011.55426637163
"1785","delta",15513.7026044538
"1786","delta",31065.2784275893
"1787","alpha",71848.4923883636
"1788","alpha",31625.6599659264
"1789","alpha",13734.7274094719
"1790","alpha",15064.8426054978
"1791","alpha",14358.7753819993
"1792","alpha",13952.736614045
"1793","alpha",18848.5739943719
"1794","alpha",18485.5957469013
"1795","duct",14443.4699115375
"1796","alpha",20743.3849912733
"1797","alpha",12463.4802941795
"1798","alpha",21837.4212527572
"1799","beta",11719.4416225547
"1800","alpha",20205.7775867072
"1801","beta",21428.5964485534
"1802","mesenchymal",32606.3412330709
"1803","alpha",10668.324659823
"1804","alpha",25190.2264606452
"1805","alpha",21170.8478333687
"1806","delta",19637.1104515248
"1807","alpha",21748.3252475982
"1808","acinar",40019.657784149
"1809","alpha",32420.7089842982
"1810","alpha",26252.7064366729
"1811","alpha",20162.741601372
"1812","duct",36056.5610008181
"1813","alpha",25538.2457319198
"1814","beta",16060.3467860237
"1815","beta",21953.0507306957
"1816","beta",93105.0392928822
"1817","beta",64743.0295050093
"1818","beta",26894.2541711508
"1819","alpha",57849.8446667355
"1820","alpha",54507.4130922264
"1821","beta",19996.0334611713
"1822","mesenchymal",48119.6787328456
"1823","alpha",25139.7701126168
"1824","mesenchymal",36679.3464891172
"1825","delta",36831.0269061887
"1826","acinar",41725.4454272179
"1827","alpha",25650.3476012762
"1828","alpha",31237.6050091452
"1829","beta",22055.43160896
"1830","alpha",25927.3592582126
"1831","delta",34168.4743787217
"1832","alpha",24416.9507262659
"1833","beta",123326.103228604
"1834","mesenchymal",35627.1973119972
"1835","alpha",69212.1389331822
"1836","alpha",16953.5860184853
"1837","delta",12302.9827649485
"1838","delta",20133.1481131538
"1839","beta",37799.5597975405
"1840","beta",37080.2541776272
"1841","alpha",31860.4217414719
"1842","alpha",30222.4857727732
"1843","beta",16883.009796189
"1844","delta",20344.2367137585
"1845","duct",7206.73600418994
"1846","alpha",26984.0997786126
"1847","delta",19225.7449925911
"1848","alpha",24399.1675333986
"1849","beta",29906.077430318
"1850","duct",15284.0987249353
"1851","acinar",20450.7110729376
"1852","alpha",14825.2245078426
"1853","alpha",28403.315446795
"1854","endothelial",11873.597248921
"1855","beta",111717.817751975
"1856","beta",15688.7548139841
"1857","alpha",16733.7493813045
"1858","delta",14001.5437299488
"1859","alpha",22296.7785570314
"1860","duct",24226.4496457146
"1861","beta",11729.3951764247
"1862","beta",17811.0460039853
"1863","mesenchymal",37194.0723784146
"1864","alpha",24904.7290734271
"1865","alpha",13165.5207032331
"1866","duct",27161.9939451109
"1867","delta",16898.7881098142
"1868","beta",100440.738265913
"1869","alpha",37966.0499755806
"1870","delta",16833.8367385442
"1871","acinar",34050.8979168026
"1872","alpha",27869.2595413436
"1873","alpha",27001.0165252872
"1874","alpha",26585.8138545746
"1875","delta",19071.6985259546
"1876","alpha",71989.3198857995
"1877","alpha",11525.6301987746
"1878","alpha",15976.8975970822
"1879","delta",15302.6741046883
"1880","duct",18763.2388829249
"1881","delta",12538.3347951756
"1882","alpha",15182.2082950409
"1883","mesenchymal",18791.6764568174
"1884","duct",14586.1240751138
"1885","alpha",39595.9865224485
"1886","beta",25266.4483142373
"1887","beta",12146.5146015082
"1888","mesenchymal",34478.3999831664
"1889","alpha",15931.1350707628
"1890","alpha",22921.8363590408
"1891","duct",36515.9649899212
"1892","alpha",25289.6409157782
"1893","alpha",21417.7719719162
"1894","alpha",25603.0665197655
"1895","duct",21825.9649572927
"1896","alpha",20176.5641642723
"1897","duct",38075.5027547711
"1898","alpha",69314.4986579059
"1899","alpha",18154.7619612233
"1900","beta",24714.7087337775
"1901","alpha",36099.8064772688
"1902","alpha",33551.8179873642
"1903","alpha",39592.4235911141
"1904","alpha",36496.8531895209
"1905","duct",38910.0124209494
"1906","alpha",14320.7979114983
"1907","mesenchymal",44720.0079503247
"1908","duct",79646.1372792268
"1909","delta",40375.8914123723
"1910","alpha",27208.1685982043
"1911","alpha",72001.6043253794
"1912","acinar",35524.471691199
"1913","alpha",50026.3441413091
"1914","mesenchymal",33133.8921418855
"1915","duct",22450.1458814176
"1916","alpha",81141.2007697599
"1917","beta",16171.3160916068
"1918","alpha",18067.0378843996
"1919","alpha",33107.3648000917
"1920","beta",28718.8103139267
"1921","alpha",42277.528470348
"1922","alpha",17061.4225253008
"1923","alpha",18402.8892790032
"1924","beta",22625.0845145854
"1925","alpha",16748.2710487927
"1926","mesenchymal",41743.2748260468
"1927","beta",25190.0512855697
"1928","delta",20936.6873617076
"1929","acinar",26791.6527159964
"1930","acinar",87964.1836535352
"1931","beta",15383.2205193022
"1932","alpha",21624.3029217948
"1933","alpha",47517.856715099
"1934","alpha",38817.6189608372
"1935","alpha",21833.1317968204
"1936","beta",14207.8044277591
"1937","duct",28891.287098625
"1938","duct",59126.8811204279
"1939","duct",67712.2669793877
"1940","alpha",29494.3450703032
"1941","mesenchymal",23433.1983986868
"1942","mesenchymal",21827.6287958705
"1943","duct",6976.05160603921
"1944","beta",10044.6389624893
"1945","alpha",16645.8664361774
"1946","duct",15886.2097679644
"1947","alpha",12582.2799976894
"1948","delta",30570.9583460842
"1949","delta",12161.6344568196
"1950","alpha",8083.97254067427
"1951","alpha",13549.428074995
"1952","mesenchymal",20027.0665239842
"1953","delta",21768.1918539464
"1954","delta",26348.1556221374
"1955","alpha",15874.7069915876
"1956","beta",12438.3082342269
"1957","delta",18510.7512473036
"1958","alpha",22818.0381860131
"1959","alpha",8986.22992424005
"1960","alpha",10522.2722366049
"1961","alpha",14806.7655014881
"1962","alpha",10650.5578296891
"1963","mesenchymal",32730.3002905107
"1964","duct",20099.2798985324
"1965","beta",11590.5305345482
"1966","alpha",11908.7928940934
"1967","duct",24075.0599228811
"1968","delta",12101.7044367402
"1969","acinar",42680.6392127546
"1970","alpha",17902.3791978762
"1971","duct",24492.1409285176
"1972","alpha",14420.0643632377
"1973","beta",9741.0670891468
"1974","duct",12090.9608224788
"1975","duct",25304.9278617059
"1976","alpha",19419.0379406017
"1977","duct",8643.92678308833
"1978","acinar",33848.1095295374
"1979","duct",25878.2010898968
"1980","alpha",7868.24531541145
"1981","beta",19290.1106514616
"1982","duct",20406.5945653465
"1983","alpha",10343.534435549
"1984","alpha",18749.4498275591
"1985","alpha",15324.0290110611
"1986","alpha",12633.8277075552
"1987","beta",14589.6255327524
"1988","beta",21656.4474943105
"1989","duct",22965.7189842911
"1990","mesenchymal",34466.5510610719
"1991","duct",17560.4386120243
"1992","alpha",35739.1151880636
"1993","alpha",15757.4496656838
"1994","duct",27629.197402862
"1995","alpha",14254.9048389034
"1996","alpha",28312.8333692011
"1997","alpha",15065.7133801267
"1998","beta",23738.461701758
"1999","alpha",25250.4113650292
"2000","alpha",26448.7997213907
"2001","mesenchymal",24749.568601049
"2002","alpha",18488.6775810374
"2003","pp",6172.73637341724
"2004","alpha",14156.0009128716
"2005","delta",12084.5737258739
"2006","duct",27374.3555006805
"2007","acinar",40224.5567585817
"2008","mesenchymal",45960.9209276429
"2009","duct",27298.7979080228
"2010","delta",19959.918196298
"2011","alpha",11235.1584819013
"2012","alpha",11197.6324138901
"2013","delta",14560.5257908843
"2014","alpha",16893.5390099158
"2015","acinar",31925.969353832
"2016","mesenchymal",18015.7531321208
"2017","delta",14849.9446190987
"2018","alpha",19686.587812893
"2019","alpha",18723.5636384597
"2020","alpha",16600.0375000979
"2021","alpha",27725.5820393802
"2022","alpha",18642.2831224436
"2023","mesenchymal",36236.1155957053
"2024","alpha",24632.640995588
"2025","acinar",13752.239559436
"2026","delta",16108.5326136191
"2027","alpha",11279.7574171179
"2028","alpha",6869.40796455006
"2029","mesenchymal",14056.8147537839
"2030","beta",11414.1489771558
"2031","duct",20502.338835917
"2032","delta",16188.2505286055
"2033","beta",18671.9895391416
"2034","beta",12635.101816611
"2035","alpha",12393.1023631613
"2036","mesenchymal",51639.4170299606
"2037","beta",12996.6021218086
"2038","alpha",19486.9912407837
"2039","duct",13650.0716153551
"2040","beta",21051.311125426
"2041","alpha",17179.9759583763
"2042","mesenchymal",32874.8120629395
"2043","alpha",12618.4224883916
"2044","duct",15080.4272031123
"2045","alpha",19467.7111580364
"2046","mesenchymal",27511.8259991153
"2047","mesenchymal",57476.3132206686
"2048","alpha",15923.8457640406
"2049","alpha",15519.9924240441
"2050","alpha",20444.5633760869
"2051","alpha",35185.9344875026
"2052","duct",24406.5804725354
"2053","delta",23556.9286871214
"2054","alpha",15101.7761983093
"2055","acinar",25867.3238661298
"2056","beta",14389.8303595273
"2057","alpha",20591.695312788
"2058","acinar",22525.0199338858
"2059","alpha",20262.7412910052
"2060","alpha",26842.5963098188
"2061","acinar",31034.3528919093
"2062","alpha",14595.2719879679
"2063","alpha",22891.7348681943
"2064","beta",20064.0731460208
"2065","duct",44936.1676484706
"2066","delta",34001.1278687883
"2067","alpha",19786.4184794283
"2068","alpha",16632.0979821807
"2069","duct",25358.1325348485
"2070","delta",27798.2419042767
"2071","beta",25147.6927022482
"2072","alpha",29332.0956594211
"2073","beta",23897.125763048
"2074","duct",20219.5497927257
"2075","delta",12808.169079202
"2076","beta",18562.8928633848
"2077","beta",18404.5218855196
"2078","duct",17921.3958778686
"2079","alpha",24723.0029872387
"2080","alpha",16672.6649081659
"2081","duct",29760.807318897
"2082","alpha",6822.51039453681
"2083","alpha",23351.9156351969
"2084","alpha",45150.9621615874
"2085","beta",19139.9734859628
"2086","duct",26828.567674092
"2087","alpha",20012.0381567756
"2088","alpha",16075.2993418826
"2089","alpha",35995.9591345691
"2090","alpha",18959.2932054554
"2091","alpha",17901.6616211209
"2092","beta",23572.5275466021
"2093","duct",28607.5288814463
"2094","duct",18275.2272856525
"2095","beta",21377.741218117
"2096","acinar",53782.3746488715
"2097","alpha",16666.7131216013
"2098","alpha",24233.771438192
"2099","beta",12581.510576437
"2100","mesenchymal",67574.9150965948
"2101","alpha",23748.3475335417
"2102","duct",24979.4670719366
"2103","alpha",25497.609373886
"2104","alpha",22261.2769448432
"2105","alpha",29205.9364363752
"2106","pp",9054.97071596757
"2107","alpha",22199.3964420104
"2108","delta",20710.8883264976
"2109","mesenchymal",17276.0431820715
"2110","beta",22965.1949248028
"2111","acinar",65246.0820195829
"2112","alpha",30777.1494113627
"2113","beta",25214.3164187916
"2114","beta",24510.2790615853
"2115","alpha",15476.7527830292
"2116","alpha",27017.8767646049
"2117","delta",17910.3617863609
"2118","alpha",18260.6918479
"2119","alpha",29247.1601650448
"2120","alpha",12796.6590371542
"2121","acinar",82665.6586284179
"2122","alpha",10945.5180886652
"2123","delta",27783.6106011609
"2124","alpha",20350.013538749
"2125","duct",50030.3703681632
"2126","alpha",21624.5164417983
"2127","duct",14087.2508543726
"2128","alpha",28233.6115472048
"2129","acinar",43001.6954641099
"2130","beta",23771.4013992798
"2131","beta",11077.8541494137
"2132","delta",27359.5781905392
"2133","acinar",11860.2008905773
"2134","alpha",13404.0306859671
"2135","alpha",13272.9667102636
"2136","acinar",22494.1633509236
"2137","delta",12697.1639204218
"2138","mesenchymal",29185.9777260634
"2139","delta",16562.6471409823
"2140","delta",13493.5427484589
"2141","mesenchymal",35571.5948005091
"2142","duct",36437.6951540845
"2143","alpha",7264.39046703486
"2144","mesenchymal",33074.7021636805
"2145","acinar",35880.2415058511
"2146","alpha",17623.1119308206
"2147","alpha",53822.7461794095
"2148","alpha",29549.9648323023
"2149","alpha",15255.3383619315
"2150","beta",20047.6022010836
"2151","alpha",22618.9529277426
"2152","duct",7855.73555023684
"2153","alpha",34606.4649034363
"2154","beta",11040.4568894108
"2155","alpha",32940.9278280964
"2156","duct",30241.2779336776
"2157","alpha",35199.6471973902
"2158","delta",30185.561423719
"2159","beta",29560.4969958864
"2160","delta",22734.3497178468
"2161","beta",27252.2725180041
"2162","alpha",33585.9839625892
"2163","alpha",9468.99630148318
"2164","alpha",17469.2560309886
"2165","beta",19754.3847998921
"2166","beta",20354.9435231417
"2167","alpha",27988.9068220172
"2168","alpha",28014.7075684237
"2169","alpha",30205.5735641083
"2170","alpha",15687.1161278901
"2171","alpha",37223.9868038564
"2172","beta",15611.9368512089
"2173","alpha",32252.720745084
"2174","mesenchymal",21802.6195172198
"2175","alpha",23190.843685837
"2176","duct",23053.225255515
"2177","alpha",25071.8994219453
"2178","beta",44996.0806797385
"2179","alpha",23550.2676742363
"2180","alpha",23377.2659441032
"2181","beta",44241.1670216629
"2182","beta",30394.4064412582
"2183","mesenchymal",51871.5264794054
"2184","beta",13069.8381280535
"2185","duct",28240.2227007812
"2186","duct",40478.3951850431
"2187","duct",48496.449411559
"2188","mesenchymal",67410.0713584953
"2189","alpha",23000.4123007005
"2190","duct",12874.7793129499
"2191","delta",18799.0872949463
"2192","endothelial",17130.4837530891
"2193","acinar",81608.1660477802
"2194","alpha",25905.4433059983
"2195","alpha",22830.5980013063
"2196","beta",32114.2682770209
"2197","alpha",22326.7169045459
"2198","alpha",24813.1959996808
"2199","delta",9387.88466176
"2200","duct",18502.0355103369
"2201","alpha",19659.1630320301
"2202","beta",17434.7874593171
"2203","alpha",21768.448450315
"2204","duct",12637.671771536
"2205","delta",13114.7248254343
"2206","alpha",21339.5006403535
"2207","alpha",25144.4857228368
"2208","beta",10457.4327517429
"2209","alpha",16781.9519123139
"2210","beta",20907.3163514237
"2211","mesenchymal",34665.0509152483
"2212","beta",11707.7442753841
"2213","beta",18421.1395313473
"2214","mesenchymal",28666.9060893827
"2215","alpha",25212.0263096031
"2216","alpha",20027.5003789377
"2217","duct",7842.81293748588
"2218","beta",6131.0637107791
"2219","alpha",21010.6098369438
"2220","mesenchymal",27094.4669424418
"2221","alpha",17812.5593900084
"2222","beta",6875.43437178523
"2223","alpha",12887.4505643294
"2224","duct",42374.8062696707
"2225","alpha",16554.8787404148
"2226","delta",25034.2959717517
"2227","acinar",27056.2232968844
"2228","endothelial",13634.722935367
"2229","beta",12513.187718367
"2230","acinar",11323.4923150341
"2231","acinar",31656.8808914914
"2232","duct",25535.050138431
"2233","alpha",15296.8432273047
"2234","delta",10146.1821287224
"2235","alpha",29179.3456064707
"2236","alpha",26871.0016195447
"2237","beta",30805.8010681276
"2238","beta",11170.1566385161
"2239","alpha",19986.8631664426
"2240","alpha",8518.34984603845
"2241","beta",24106.5122008113
"2242","mesenchymal",57957.2221942685
"2243","beta",17671.1452439826
"2244","alpha",32228.689764184
"2245","alpha",36402.976087818
"2246","alpha",23718.7662485384
"2247","delta",26263.3978354568
"2248","mesenchymal",42891.9833510359
"2249","beta",35090.0392635988
"2250","mesenchymal",21187.1409232728
"2251","beta",21992.8812767461
"2252","acinar",54564.6882752875
"2253","alpha",36240.9639205285
"2254","acinar",46524.7677906643
"2255","delta",43653.6367524378
"2256","alpha",43671.3469654813
"2257","beta",36564.1884178722
"2258","acinar",112163.937652229
"2259","alpha",20882.2585755543
"2260","alpha",28865.6147839372
"2261","beta",24281.0338756796
"2262","beta",16300.6005148233
"2263","alpha",20442.4890205731
"2264","alpha",19325.3130961719
"2265","alpha",30136.0159979441
"2266","alpha",24978.7273645286
"2267","alpha",10329.6838947456
"2268","beta",25978.6817329163
"2269","acinar",42944.7027489881
"2270","duct",21480.5483958621
"2271","alpha",20084.4248471864
"2272","acinar",56627.8347215988
"2273","beta",29353.915417841
"2274","delta",35927.0878217068
"2275","endothelial",30827.9078194852
"2276","delta",20968.8172217026
"2277","alpha",22600.8582763262
"2278","alpha",15725.6616958556
"2279","mesenchymal",45226.1173132818
"2280","alpha",27990.424091989
"2281","duct",36310.9660929452
"2282","mesenchymal",51185.2569929959
